{"usuarios":[{"nome":"kaique","email":"kaique@380volts.com.br","telefone":"(11) 95228-8732","duvida":"testes"},{"nome":"Tamara Santos","email":"kaique@380volts.com.br","telefone":"(11) 95228-8732","duvida":"ola mundo"},{"nome":"alves","email":"kaique@380volts.com.br","telefone":"(11) 95228-8732","duvida":"Lorem ipsum dolor sit amet, consectetur adipiscing elit. Donec eget turpis vel elit malesuada mattis. Aliquam congue erat a dolor tempus, sed efficitur augue vestibulum.Lorem ipsum dolor sit amet, consectetur adipiscing elit. Donec eget turpis vel elit malesuada mattis. Aliquam congue erat a dolor tempus, sed efficitur augue vestibulum."}]}