{"usuarios":[{"nome":"kaique","email":"kaique@380volts.com.br","telefone":"(11) 95228-8732","date":"1999-10-10","time":"10:00"},{"nome":null,"email":null,"telefone":null,"date":null,"time":null},{"nome":"kaique","email":"teste@380volts.com.br","telefone":"123456789","date":"1999-10-10","time":"10:00"},{"nome":"Tamara Santos","email":"lucas@380volts.com.br","telefone":"(11) 12346-5789","date":"0100-10-10","time":"Noite"},{"nome":"Suzany","email":"lucas@380volts.com.br","telefone":"65270278","date":"1000-10-10","time":"Tarde"},{"nome":"Tamara Santos","email":"teste@teste.com","telefone":"65270278","date":"1000-10-10","time":"Tarde"},{"nome":"Tamara Santos","email":"teste@teste.com","telefone":"65270278","date":"1000-10-10","time":"Tarde"},{"nome":"teste","email":"teste@teste.com.br","telefone":"111111111","date":"2020-01-14","time":"Manh\u00e3"},{"nome":"olamundo","email":"teste@teste.com.br","telefone":"1111111111","date":"2020-01-11","time":"Manh\u00e3"},{"nome":"olamundo","email":"teste@teste.com.br","telefone":"1111111111","date":"2020-01-11","time":"Manh\u00e3"},{"nome":"olamundo","email":"teste@teste.com.br","telefone":"1111111111","date":"2020-01-11","time":"Manh\u00e3"},{"nome":"olamundo","email":"teste@teste.com.br","telefone":"1111111111","date":"2020-01-11","time":"Manh\u00e3"},{"nome":"olamundo","email":"teste@teste.com.br","telefone":"1111111111","date":"2020-01-11","time":"Manh\u00e3"},{"nome":"wwiiiieee","email":"lucas@380volts.com.br","telefone":"(11) 12346-5789","date":"52525-02-25","time":"Tarde"}]}